{
  "xfoilVersion": "6.99",
  "tolerances": {
    "cl": 0.001,
    "cd": 0.0001,
    "cm": 0.001
  },
  "cases": [
    {
      "airfoil": "0012",
      "reynolds": 1000000,
      "mach": 0,
      "alpha": 0,
      "cl": 0,
      "cd": 0.0054,
      "cm": 0
    },
    {
      "airfoil": "0012",
      "reynolds": 1000000,
      "mach": 0,
      "alpha": 2,
      "cl": 0.2142,
      "cd": 0.0058,
      "cm": 0.003
    },
    {
      "airfoil": "2412",
      "reynolds": 1000000,
      "mach": 0.1,
      "alpha": 0,
      "cl": 0.2383,
      "cd": 0.00568,
      "cm": -0.0522
    },
    {
      "airfoil": "2412",
      "reynolds": 1000000,
      "mach": 0.1,
      "alpha": 4,
      "cl": 0.7187,
      "cd": 0.00696,
      "cm": -0.0575
    }
  ]
}
